<?xml version="1.0" encoding="utf-8"?>
<!DOCTYPE hibernate-configuration SYSTEM 
"http://www.hibernate.org/dtd/hibernate-configuration-3.0.dtd">

<hibernate-configuration>

	<session-factory>
		<property name="hibernate.dialect">
			org.hibernate.dialect.Oracle10gDialect
		</property>
		<property name="oracle.jdbc.driver.OracleDriver">
			com.mysql.jdbc.Driver
		</property>

		<!-- Assume test is the database name -->
		<property name="hibernate.connection.url">jdbc:oracle:thin:@localhost:1521:xe</property>
		<property name="hibernate.connection.username">HR</property>
		<property name="hibernate.connection.password">HR</property>
        <property name="show_sql">true</property>       
		<!-- List of XML mapping files -->
		
		<mapping resource="com/basic/ormaping/basicormapping.hbm.xml" />
		<mapping resource="com/basic/ormaping/subselect_emp_dep.hbm.xml"/>
		<mapping resource="com/basic/ormaping/composite-mapping.hbm.xml"/>


	</session-factory>


</hibernate-configuration>