<?xml version="1.0"?>
<!DOCTYPE hibernate-mapping PUBLIC
        "-//Hibernate/Hibernate Mapping DTD 3.0//EN"
        "http://www.hibernate.org/dtd/hibernate-mapping-3.0.dtd">
        
        
<hibernate-mapping package="com.test.tableperclass" >

<class name="Payment" table="PAYMENT_DETAILS" dynamic-insert="true" dynamic-update="true" >

<id access="property" column="PAYMENT_DETAILS_ID" type="integer" name="paymentDetailsId">

<generator class="increment"/>

</id>


<property name="amount"  type="big_decimal"/>

<joined-subclass  dynamic-insert="true" dynamic-update="true" table="CREDIT_CARD_PAYMENT" name="CreditCardPayment" >

<key column="PAYMENT_ID" ></key>
<property name="creditCardType" type="string" column="CC_TYPE" not-null="false"/>
</joined-subclass>

<joined-subclass dynamic-insert="true" dynamic-update="true" table="CASH_PAYMENT" name="CashPayment" >

<key column="PAYMENT_ID"></key>

</joined-subclass>


<joined-subclass dynamic-insert="true" dynamic-update="true" table="CHEQUE_PAYMENT" name="ChequePayment" >

<key column="PAYMENT_ID"></key>

</joined-subclass>


</class>




</hibernate-mapping>        