<?xml version="1.0"?>
<!DOCTYPE hibernate-mapping PUBLIC
        "-//Hibernate/Hibernate Mapping DTD 3.0//EN"
        "http://www.hibernate.org/dtd/hibernate-mapping-3.0.dtd">

<hibernate-mapping package="com.test.tableperclass" schema="HR">

<class dynamic-insert="true" dynamic-update="true" name="Payment" table="payment_details">

<id access="property" column="PAYMENT_DETAILS_ID" type="integer" name="paymentDetailsId">

<generator class="increment"/>

</id>

<discriminator column="PAYMENT_DETAILS_TYPE"  type="string" />

<subclass  name="CreditCardPayment" dynamic-insert="true" dynamic-update="true" discriminator-value="CREDIT" lazy="true">
 
<join table="CREDIT_CARD_PAYMENT">

<key column="PAYMENT_ID"></key>
<property name="creditCardType" type="string" column="CC_TYPE" />
</join>

</subclass>


<subclass  name="CashPayment" dynamic-insert="true" dynamic-update="true" discriminator-value="CASH" lazy="true">

<join table="CASH_PAYMENT">

<key column="PAYMENT_ID"/>

</join>

</subclass>



<subclass name="ChequePayment" dynamic-insert="true" dynamic-update="true" discriminator-value="CHEQUE" lazy="true">

<join table="CHEQUE_PAYMENT">

<key column="PAYMENT_ID"/>

</join>

</subclass>

</class>



</hibernate-mapping>        