<?xml version="1.0"?>
<!DOCTYPE hibernate-mapping PUBLIC
        "-//Hibernate/Hibernate Mapping DTD 3.0//EN"
        "http://www.hibernate.org/dtd/hibernate-mapping-3.0.dtd">
        
        
<hibernate-mapping package="com.test.tableperclass">


<class name="Payment" table="PAYMENT_DETAILS" dynamic-insert="true" dynamic-update="true" abstract="true"  >

<id access="property" column="PAYMENT_DETAILS_ID" type="integer" name="paymentDetailsId">

<generator class="increment"/>

</id>
 
 <union-subclass table="CREDIT_CARD_PAYMENT" name="CreditCardPayment" dynamic-insert="true" dynamic-update="true">
 
 
 <property name="creditCardType" type="string" column="CC_TYPE" not-null="false"/>
 
 </union-subclass>
 
 
 <union-subclass  table="CASH_PAYMENT" name="CashPayment" dynamic-insert="true" dynamic-update="true" >
 
 
 
 
 </union-subclass>

 <union-subclass table="CHEQUE_PAYMENT" name="ChequePayment" dynamic-insert="true" dynamic-update="true">
 
 

 
 </union-subclass>


</class>



</hibernate-mapping>        