<?xml version="1.0"?>
<!DOCTYPE hibernate-mapping PUBLIC
        "-//Hibernate/Hibernate Mapping DTD 3.0//EN"
        "http://www.hibernate.org/dtd/hibernate-mapping-3.0.dtd">
        
        
<hibernate-mapping package="com.test.tableperclass">

<class name="Payment" table="PAYMENT_DETAILS" dynamic-insert="true" dynamic-update="true" >

<id access="property" column="PAYMENT_DETAILS_ID" type="integer" name="paymentDetailsId">

<generator class="increment"/>

</id>
 


<discriminator type="string" column="PAYMENT_DETAILS_TYPE"/>

<property name="amount"  type="big_decimal"/>

<subclass  name="CreditCardPayment" dynamic-insert="true" dynamic-update="true" discriminator-value="CREDIT" lazy="true" >
 
<property name="creditCardType" type="string" column="CC_TYPE" not-null="false"/>


</subclass>


<subclass  name="CashPayment" dynamic-insert="true" dynamic-update="true" discriminator-value="CASH" lazy="true"/>



<subclass name="ChequePayment" dynamic-insert="true" dynamic-update="true" discriminator-value="CHEQUE" lazy="true"/>


</class>




</hibernate-mapping>        